{"count":1,"self":712.9780736,"total":4312.9357737,"children":{"InitializeActuators":{"count":6,"self":0.0019961,"total":0.0019961,"children":null},"InitializeSensors":{"count":6,"self":0.00099779999999999986,"total":0.00099779999999999986,"children":null},"AgentSendState":{"count":1324101,"self":2.3941684,"total":11.245577299999999,"children":{"CollectObservations":{"count":794466,"self":1.7740466,"total":1.7740466,"children":null},"WriteActionMask":{"count":794466,"self":0.24182969999999998,"total":0.24182969999999998,"children":null},"RequestDecision":{"count":794466,"self":1.5578507,"total":6.8355327,"children":{"AgentInfo.ToProto":{"count":794466,"self":1.454953,"total":5.2776819999999995,"children":{"GenerateSensorData":{"count":794466,"self":3.8227287999999997,"total":3.822729,"children":null}}}}}}},"DecideAction":{"count":1324101,"self":3582.7965952,"total":3582.7964997999998,"children":null},"AgentAct":{"count":1324101,"self":5.6933476,"total":5.6933475,"children":null},"AgentInfo.ToProto":{"count":15469,"self":0.0744751,"total":0.21826389999999998,"children":{"GenerateSensorData":{"count":15469,"self":0.1437888,"total":0.1437888,"children":null}}}},"gauges":{"CookieRun.CumulativeReward":{"count":15469,"max":0.4799999,"min":-0.05,"runningAverage":0.01104013,"value":0.38,"weightedAverage":0.101378813}},"metadata":{"timer_format_version":"0.1.0","start_time_seconds":"1657697914","unity_version":"2021.3.1f1","command_line_arguments":"C:\\Program Files\\Unity\\Hub\\Editor\\2021.3.1f1\\Editor\\Unity.exe -projectpath D:\\Projects\\MA_Run -useHub -hubIPC -cloudEnvironment production -licensingIpc LicenseClient-1905-024 -hubSessionId f23024b0-023f-11ed-ad42-a7c3d6ddef0a -accessToken ky89cMpKMLxs9ladal87X8ZCqImgih1sXLxyqz7XqR800df","communication_protocol_version":"1.5.0","com.unity.ml-agents_version":"2.0.1","scene_name":"CookieRun","end_time_seconds":"1657702227"}}